Date,Close,Change,Momentum
2015-09-03,66.470001,0.0,0
2015-09-04,63.91,0.03851362962970318,-1
2015-09-08,60.91,0.04694101079643249,-1
2015-09-09,64.040001,0.05138730914463975,1
2015-09-10,63.830002,0.0032791848332420132,-1
2015-09-11,64.629997,0.012533212829916606,1
2015-09-14,62.599998,0.031409548108133185,-1
2015-09-15,64.849998,0.03594249316110202,1
2015-09-16,67.230003,0.03670015533385208,1
2015-09-17,66.0,0.018295447644112055,-1
2015-09-18,65.75,0.003787878787878788,-1
2015-09-21,63.900002,0.028136851711026607,-1
2015-09-22,61.900002,0.03129890355871976,-1
2015-09-23,60.0,0.030694700139105014,-1
2015-09-24,59.919998,0.0013333666666666725,-1
2015-09-25,59.240002000000004,0.01134839824260334,-1
2015-09-28,57.389998999999996,0.031228948979441423,-1
2015-09-29,57.82,0.007492612083858101,1
2015-09-30,58.970001,0.019889328951919805,1
2015-10-01,58.869999,0.0016958114007833147,-1
2015-10-02,63.200001,0.07355192922629403,1
2015-10-05,63.93,0.01155061690584466,1
2015-10-06,63.919998,0.0001564523697794473,-1
2015-10-07,66.279999,0.03692116823908543,1
2015-10-08,67.699997,0.0214242308603534,1
2015-10-09,68.709999,0.014918789435101453,1
2015-10-12,70.300003,0.023140794980946042,1
2015-10-13,69.68,0.008819387959343287,-1
2015-10-14,68.540001,0.016360490815155036,-1
2015-10-15,71.779999,0.04727163631059766,1
2015-10-16,71.989998,0.0029255921276900025,1
2015-10-19,72.650002,0.00916799580964012,1
2015-10-20,71.790001,0.011837590864760016,-1
2015-10-21,69.480003,0.032177155144488816,-1
2015-10-22,70.989998,0.02173279986761088,1
2015-10-23,75.620003,0.06522052585492391,1
2015-10-26,76.349998,0.009653464308907822,1
2015-10-27,79.440002,0.04047156622060432,1
2015-10-28,82.349998,0.036631368664869775,1
2015-10-29,82.220001,0.0015785914166021354,-1
2015-10-30,83.83000200000001,0.019581622238121977,1
2015-11-02,84.349998,0.006202982077943788,1
2015-11-03,83.440002,0.010788334577079568,-1
2015-11-04,85.400002,0.023489932322868275,1
2015-11-05,85.379997,0.0002342505799941036,-1
2015-11-06,83.610001,0.020730804195273116,-1
2015-11-09,81.379997,0.026671498305567466,-1
2015-11-10,81.43,0.0006144384596131626,1
2015-11-11,79.849998,0.019403192926439976,-1
2015-11-12,78.760002,0.013650545113351153,-1
2015-11-13,75.849998,0.03694773903129155,-1
2015-11-16,78.300003,0.03230066004747956,1
2015-11-17,78.129997,0.0021712131990595297,-1
2015-11-18,77.690002,0.005631575795401555,-1
2015-11-19,77.870003,0.0023169133140193516,1
2015-11-20,79.949997,0.026711107228286603,1
2015-11-23,81.309998,0.01701064479089345,1
2015-11-24,80.860001,0.005534337855966941,-1
2015-11-25,81.709999,0.010511971178432207,1
2015-11-27,81.379997,0.004038697883229607,-1
2015-11-30,84.08000200000001,0.03317774759809839,1
2015-12-01,84.0,0.0009514985501547377,-1
2015-12-02,85.0,0.011904761904761904,1
2015-12-03,82.589996,0.028352988235294127,-1
2015-12-04,84.849998,0.02736411320325043,1
2015-12-07,84.760002,0.0010606482277112051,-1
2015-12-08,84.379997,0.004483305698836546,-1
2015-12-09,83.41999799999999,0.011377092132392592,-1
2015-12-10,84.33000200000001,0.010908703210470168,1
2015-12-11,79.739998,0.05442907495721401,-1
2015-12-14,80.57,0.01040885403583774,1
2015-12-15,82.489998,0.023830184932357043,1
2015-12-16,84.629997,0.025942526995818366,1
2015-12-17,83.559998,0.012643259339829705,-1
2015-12-18,82.650002,0.010890330562238554,-1
2015-12-21,82.870003,0.0026618390160474082,1
2015-12-22,84.839996,0.02377208795322479,1
2015-12-23,84.800003,0.00047139323297463976,-1
2015-12-24,83.709999,0.01285382029998286,-1
2015-12-28,82.139999,0.018755226600826902,-1
2015-12-29,83.260002,0.013635293567510233,1
2015-12-30,81.68,0.018976723060852116,-1
2015-12-31,81.269997,0.005019625367287012,-1
2016-01-04,76.690002,0.05635529923792167,-1
2016-01-05,78.629997,0.025296582988744685,1
2016-01-06,77.33000200000001,0.016533066890489587,-1
2016-01-07,72.720001,0.05961464995177435,-1
2016-01-08,70.800003,0.0264026123982038,-1
2016-01-11,69.91999799999999,0.01242944862587098,-1
2016-01-12,72.68,0.03947371394375633,1
2016-01-13,70.290001,0.03288386075949371,-1
2016-01-14,72.25,0.027884463965223108,1
2016-01-15,69.589996,0.036816664359861605,-1
2016-01-19,70.129997,0.0077597504101021035,1
2016-01-20,68.709999,0.02024808299934772,-1
2016-01-21,70.720001,0.02925341332052705,1
2016-01-22,70.370003,0.004949066672100293,-1
2016-01-25,69.720001,0.009236918747893199,-1
2016-01-26,69.769997,0.0007170969489803544,1
2016-01-27,69.540001,0.003296488603833534,-1
2016-01-28,66.91999799999999,0.03767620020597945,-1
2016-01-29,67.029999,0.001643768728146273,1
2016-02-01,67.029999,0.0,-1
2016-02-02,65.089996,0.02894230984547686,-1
2016-02-03,63.439999,0.025349471522474805,-1
2016-02-04,64.860001,0.022383386229246263,1
2016-02-05,62.639998999999996,0.03422759737546105,-1
2016-02-08,61.099998,0.02458494611406358,-1
2016-02-09,61.389998999999996,0.004746334034249832,1
2016-02-10,61.779999,0.006352826296674163,1
2016-02-11,60.57,0.01958561054686965,-1
2016-02-12,60.889998999999996,0.005283126960541451,1
2016-02-16,66.290001,0.08868454735891863,1
2016-02-17,66.379997,0.0013576104788412854,1
2016-02-18,66.519997,0.0021090690920037335,1
2016-02-19,67.279999,0.011425165879066411,1
2016-02-22,68.839996,0.023186638275663404,1
2016-02-23,66.970001,0.027164368225704182,-1
2016-02-24,67.230003,0.003882365180194638,1
2016-02-25,66.660004,0.008478342623307569,-1
2016-02-26,66.910004,0.0037503748124587573,1
2016-02-29,68.809998,0.02839626194014265,1
2016-03-01,70.860001,0.029792225833228537,1
2016-03-02,71.25,0.005503796140223074,1
2016-03-03,71.019997,0.003228112280701704,-1
2016-03-04,72.220001,0.016896705867222053,1
2016-03-07,72.889999,0.009277180707876295,1
2016-03-08,71.07,0.024969118191372316,-1
2016-03-09,72.43,0.01913606303644314,1
2016-03-10,71.970001,0.006350945740715317,-1
2016-03-11,74.010002,0.028345157310752347,1
2016-03-14,73.349998,0.008917767628218692,-1
2016-03-15,72.230003,0.015269189237060415,-1
2016-03-16,73.5,0.01758267959645528,1
2016-03-17,74.25,0.01020408163265306,1
2016-03-18,76.25,0.026936026936026935,1
2016-03-21,78.110001,0.024393455737704878,1
2016-03-22,78.18,0.0008961592511055008,1
2016-03-23,76.559998,0.020721437707853844,-1
2016-03-24,75.860001,0.009143116748775207,-1
2016-03-28,76.480003,0.008172976427986067,1
2016-03-29,78.08000200000001,0.0209204881961107,1
2016-03-30,78.860001,0.00998974103509871,1
2016-03-31,79.029999,0.0021556936069529946,1
2016-04-01,78.730003,0.0037959762595974125,-1
2016-04-04,79.08000200000001,0.004445560607942706,1
2016-04-05,77.32,0.0222559680764805,-1
2016-04-06,78.68,0.017589239524056048,1
2016-04-07,77.610001,0.013599377224199414,-1
2016-04-08,77.470001,0.0018038912278844138,-1
2016-04-11,77.709999,0.0030979475526274995,1
2016-04-12,77.860001,0.0019302792681801558,1
2016-04-13,79.639999,0.0228615203845169,1
2016-04-14,79.610001,0.0003766700197975415,-1
2016-04-15,78.970001,0.008039190955417783,-1
2016-04-18,79.010002,0.0005065341204694138,1
2016-04-19,79.459999,0.005695443470562072,1
2016-04-20,81.209999,0.02202365998016184,1
2016-04-21,80.779999,0.005294914484606663,-1
2016-04-22,79.889999,0.011017578744956416,-1
2016-04-25,78.839996,0.013143109439768597,-1
2016-04-26,78.610001,0.0029172375909304,-1
2016-04-27,77.650002,0.01221217386830966,-1
2016-04-28,76.400002,0.016097874665862856,-1
2016-04-29,76.940002,0.007068062642197395,1
2016-05-02,76.610001,0.004289069293239815,-1
2016-05-03,75.910004,0.009137149077964328,-1
2016-05-04,75.82,0.0011856671750406906,-1
2016-05-05,78.83000200000001,0.039699314165128126,1
2016-05-06,79.199997,0.004693581004856358,1
2016-05-09,79.410004,0.002651603635793124,1
2016-05-10,79.720001,0.0039037524793475095,1
2016-05-11,79.800003,0.0010035373682447328,1
2016-05-12,79.160004,0.00802003729247984,-1
2016-05-13,77.160004,0.025265284221056887,-1
2016-05-16,79.290001,0.027604936360552845,1
2016-05-17,79.349998,0.0007566780078612388,1
2016-05-18,79.029999,0.004032753724833058,-1
2016-05-19,78.32,0.008983917613361104,-1
2016-05-20,78.790001,0.006001034218590533,1
2016-05-23,79.0,0.0026653001311676117,1
2016-05-24,81.120003,0.02683548101265819,1
2016-05-25,75.589996,0.0681706952106498,-1
2016-05-26,78.349998,0.036512794629596224,1
2016-05-27,80.970001,0.033439732825519625,1
2016-05-31,82.0,0.012720748268238304,1
2016-06-01,76.690002,0.06475607317073162,-1
2016-06-02,77.300003,0.007954113757879376,1
2016-06-03,76.620003,0.008796894872048152,-1
2016-06-06,78.059998,0.01879398255831439,1
2016-06-07,77.839996,0.0028183705564531762,-1
2016-06-08,77.639999,0.002569334664405638,-1
2016-06-09,77.559998,0.001030409595961097,-1
2016-06-10,75.91999799999999,0.021144920607140818,-1
2016-06-13,75.449997,0.0061907404159836305,-1
2016-06-14,77.769997,0.03074884151420188,1
2016-06-15,78.389999,0.00797225181839726,1
2016-06-16,78.269997,0.00153083303394352,-1
2016-06-17,77.0,0.016225847050946016,-1
2016-06-20,78.150002,0.014935090909090917,1
2016-06-21,78.620003,0.006014088137835189,1
2016-06-22,78.730003,0.0013991350267437593,1
2016-06-23,79.139999,0.005207620784670955,1
2016-06-24,76.290001,0.036012105585192127,-1
2016-06-27,74.230003,0.02700220176953474,-1
2016-06-28,76.279999,0.027616811493325785,1
2016-06-29,78.040001,0.023072915876676925,1
2016-06-30,79.529999,0.019092747064418925,1
2016-07-01,79.650002,0.0015089023199911893,1
2016-07-05,78.970001,0.00853736325078817,-1
2016-07-06,78.639999,0.004178827349894465,-1
2016-07-07,79.349998,0.009028471630575635,1
2016-07-08,78.989998,0.004536862118131363,-1
2016-07-11,81.459999,0.031269794436505696,1
2016-07-12,81.739998,0.0034372575919133473,1
2016-07-13,80.57,0.014313653396468236,-1
2016-07-14,81.739998,0.014521509246617933,1
2016-07-15,81.25,0.005994592757391552,-1
2016-07-18,82.650002,0.017230793846153853,1
2016-07-19,82.769997,0.0014518450949342137,1
2016-07-20,84.41999799999999,0.019934771774849633,1
2016-07-21,84.18,0.0028429045923453558,-1
2016-07-22,84.489998,0.0036825611784270977,1
2016-07-25,83.190002,0.015386389285983805,-1
2016-07-26,83.589996,0.004808197985137593,1
2016-07-27,83.099998,0.005861921562958322,-1
2016-07-28,83.120003,0.0002407340611488054,1
2016-07-29,82.480003,0.007699710982926704,-1
2016-08-01,84.339996,0.02255083574621115,1
2016-08-02,83.800003,0.006402573222792132,-1
2016-08-03,83.66999799999999,0.0015513722594975472,-1
2016-08-04,84.75,0.012907876488774478,1
2016-08-05,84.589996,0.0018879528023598904,-1
2016-08-08,85.0,0.004846956134150907,1
2016-08-09,85.239998,0.0028235058823529403,1
2016-08-10,87.33000200000001,0.024519052663516106,1
2016-08-11,91.769997,0.050841576758466074,1
2016-08-12,98.25,0.07061134588464676,1
2016-08-15,97.16999799999999,0.010992386768447913,-1
2016-08-16,96.660004,0.005248471858566796,-1
2016-08-17,97.0,0.0035174424366876634,1
2016-08-18,97.0,0.0,-1
2016-08-19,96.860001,0.0014432886597938463,-1
2016-08-22,95.650002,0.01249224641242773,-1
2016-08-23,95.790001,0.0014636591434676928,1
2016-08-24,93.879997,0.019939492431991942,-1
2016-08-25,93.940002,0.0006391670421549316,1
2016-08-26,95.059998,0.011922460891580416,1
2016-08-29,94.879997,0.0018935514810340106,-1
2016-08-30,96.0,0.011804416477795598,1
2016-08-31,97.190002,0.012395854166666739,1
2016-09-01,97.41999799999999,0.0023664574057729276,1
2016-09-02,99.25,0.018784664725614218,1
2016-09-06,103.779999,0.04564230730478593,1
2016-09-07,102.32,0.014068211737022761,-1
2016-09-08,102.57,0.0024433150899139957,1
2016-09-09,99.620003,0.028760817003022292,-1
2016-09-12,100.800003,0.011845010685253713,1
2016-09-13,100.279999,0.00515876968773503,-1
2016-09-14,102.400002,0.021140835870969613,1
2016-09-15,104.449997,0.020019482030869448,1
2016-09-16,104.639999,0.0018190713782405077,1
2016-09-19,103.029999,0.015386085773949591,-1
2016-09-20,101.360001,0.0162088519480623,-1
2016-09-21,106.0,0.045777416675439886,1
2016-09-22,109.360001,0.0316981226415094,1
2016-09-23,107.709999,0.01508780161770482,-1
2016-09-26,105.889999,0.01689722418435816,-1
2016-09-27,108.260002,0.022381745418658443,1
2016-09-28,108.75,0.004526122214555288,1
2016-09-29,105.550003,0.029425259770114908,-1
2016-09-30,105.790001,0.002273784871422504,1
2016-10-03,105.379997,0.0038756403830641868,-1
2016-10-04,105.449997,0.0006642626873484649,1
2016-10-05,106.959999,0.01431960211435568,1
2016-10-06,107.08000200000001,0.0011219427928380141,1
2016-10-07,106.0,0.010085935560591485,-1
2016-10-10,108.410004,0.022735886792452836,1
2016-10-11,105.230003,0.02933309549550431,-1
2016-10-12,103.620003,0.01529981900694234,-1
2016-10-13,102.150002,0.014186459732104006,-1
2016-10-14,101.849998,0.00293689666300742,-1
2016-10-17,102.839996,0.009720157284637354,1
2016-10-18,103.339996,0.004861921620455917,1
2016-10-19,103.93,0.00570934800500677,1
2016-10-20,103.849998,0.0007697681131531555,-1
2016-10-21,103.940002,0.0008666731028729295,1
2016-10-24,104.5,0.0053877043412024666,1
2016-10-25,104.220001,0.0026794162679426186,-1
2016-10-26,102.779999,0.013816944791623948,-1
2016-10-27,102.379997,0.00389182724160175,-1
2016-10-28,101.93,0.00439536055075286,-1
2016-10-31,101.690002,0.0023545374276464233,-1
2016-11-01,101.150002,0.005310256557965317,-1
2016-11-02,98.510002,0.026099851189325736,-1
2016-11-03,97.75,0.0077149729425444544,-1
2016-11-04,97.57,0.0018414322250640085,-1
2016-11-07,99.349998,0.018243291995490483,1
2016-11-08,99.849998,0.0050327127334214945,1
2016-11-09,96.66999799999999,0.03184777229539861,-1
2016-11-10,94.339996,0.024102638338732493,-1
2016-11-11,92.989998,0.014309922167052024,-1
2016-11-14,89.769997,0.034627390786695106,-1
2016-11-15,91.0,0.01370171595304828,1
2016-11-16,92.860001,0.020439571428571394,1
2016-11-17,94.07,0.013030357387138045,1
2016-11-18,93.389999,0.007228670139257895,-1
2016-11-21,93.410004,0.00021420923240397086,1
2016-11-22,93.209999,0.0021411518192420206,-1
2016-11-23,93.029999,0.0019311232907533087,-1
2016-11-25,93.010002,0.00021495216827857426,-1
2016-11-28,93.760002,0.008063648896599314,1
2016-11-29,94.989998,0.013118557740645099,1
2016-11-30,94.019997,0.010211611963609014,-1
2016-12-01,89.860001,0.044245863994231,-1
2016-12-02,90.480003,0.006899643813714175,1
2016-12-05,90.989998,0.005636549326816485,1
2016-12-06,90.400002,0.006484185217808218,-1
2016-12-07,91.07,0.007411482136914029,1
2016-12-08,92.309998,0.013615877896123861,1
2016-12-09,93.279999,0.010508081692299578,1
2016-12-12,92.470001,0.008683512099951966,-1
2016-12-13,92.160004,0.0033524061495359522,-1
2016-12-14,91.190002,0.010525194855677239,-1
2016-12-15,88.849998,0.02566075171267139,-1
2016-12-16,88.66999799999999,0.0020258863708697756,-1
2016-12-19,88.93,0.0029322432148923055,1
2016-12-20,89.839996,0.010232722365905684,1
2016-12-21,89.25,0.006567186401032334,-1
2016-12-22,86.800003,0.027450946778711443,-1
2016-12-23,86.790001,0.00011523041076392665,-1
2016-12-27,87.540001,0.008641548465934457,1
2016-12-28,87.370003,0.0019419465165416978,-1
2016-12-29,87.33000200000001,0.0004578344812462639,-1
2016-12-30,87.809998,0.005496347062948488,1
2017-01-03,88.599998,0.008996697619785918,1
2017-01-04,90.510002,0.02155760771010402,1
2017-01-05,94.370003,0.042647231407640415,1
2017-01-06,93.889999,0.005086404416030313,-1
2017-01-09,94.720001,0.008840153465120319,1
2017-01-10,96.75,0.021431577054143017,1
2017-01-11,96.940002,0.0019638449612403813,1
2017-01-12,95.900002,0.010728285316107236,-1
2017-01-13,96.269997,0.0038581333919054865,1
2017-01-17,96.120003,0.0015580555175462051,-1
2017-01-18,96.0,0.001248470622706878,-1
2017-01-19,96.16999799999999,0.0017708124999999224,1
2017-01-20,96.059998,0.001143807864070034,-1
2017-01-23,98.410004,0.024463939714010903,1
2017-01-24,101.43,0.030687896324036387,1
2017-01-25,104.059998,0.025929192546583713,1
2017-01-26,102.75,0.012588872046682081,-1
2017-01-27,102.07,0.006618004866180115,-1
2017-01-30,101.019997,0.01028708729303409,-1
2017-01-31,101.309998,0.0028707286538524595,1
2017-02-01,101.57,0.002566400208595405,1
2017-02-02,100.839996,0.007187200945160913,-1
2017-02-03,100.389999,0.004462485301962886,-1
2017-02-06,100.900002,0.005080217203707688,1
2017-02-07,100.83000200000001,0.0006937561805003055,-1
2017-02-08,103.57,0.027174431673620176,1
2017-02-09,103.339996,0.0022207589070193483,-1
2017-02-10,102.360001,0.009483211127664476,-1
2017-02-13,103.099998,0.0072293571001430775,1
2017-02-14,101.589996,0.014645994464519778,-1
2017-02-15,101.550003,0.000393670652374034,-1
2017-02-16,100.82,0.0071886063853687,-1
2017-02-17,100.519997,0.0029756298353500257,-1
2017-02-21,102.120003,0.015917290566572474,1
2017-02-22,104.199997,0.020368134928472333,1
2017-02-23,102.459999,0.016698637716851372,-1
2017-02-24,102.949997,0.00478233461626327,1
2017-02-27,103.599998,0.00631375443362085,1
2017-02-28,102.900002,0.006756718277156711,-1
2017-03-01,104.040001,0.01107870726766364,1
2017-03-02,103.190002,0.008169924950308265,-1
2017-03-03,103.309998,0.0011628645961261463,1
2017-03-06,102.309998,0.009679605259502571,-1
2017-03-07,102.629997,0.0031277392850697734,1
2017-03-08,103.220001,0.005748845534897495,1
2017-03-09,103.239998,0.00019373183303886615,1
2017-03-10,103.389999,0.0014529349370967942,1
2017-03-13,105.18,0.017313096211559145,1
2017-03-14,104.25,0.008841985168283007,-1
2017-03-15,103.690002,0.005371683453237344,-1
2017-03-16,105.629997,0.018709566617618505,1
2017-03-17,105.610001,0.00018930228692523886,-1
2017-03-20,107.25,0.015528822881083044,1
2017-03-21,105.089996,0.020139897435897443,-1
2017-03-22,106.089996,0.009515653611786226,1
2017-03-23,108.25,0.020360110108779726,1
2017-03-24,108.040001,0.0019399445727482335,-1
2017-03-27,108.08000200000001,0.00037024249934988177,1
2017-03-28,107.800003,0.0025906642747841884,-1
2017-03-29,109.510002,0.015862699001965668,1
2017-03-30,108.849998,0.00602688327957478,-1
2017-03-31,107.83000200000001,0.009370657039424033,-1
2017-04-03,108.089996,0.0024111471313892014,1
2017-04-04,107.519997,0.005273374235299219,-1
2017-04-05,107.440002,0.0007440011368303582,-1
2017-04-06,108.040001,0.005584502874450773,1
2017-04-07,108.989998,0.008793011766077235,1
2017-04-10,111.699997,0.02486465776428399,1
2017-04-11,110.440002,0.01128017040143689,-1
2017-04-12,110.629997,0.0017203458580161573,1
2017-04-13,110.209999,0.003796420603717514,-1
2017-04-17,111.760002,0.01406408687110145,1
2017-04-18,111.230003,0.004742295906544487,-1
2017-04-19,110.760002,0.004225487614164645,-1
2017-04-20,112.959999,0.019862738897386406,1
2017-04-21,113.110001,0.0013279213998576669,1
2017-04-24,114.860001,0.01547166461434299,1
2017-04-25,115.480003,0.005397893040241219,1
2017-04-26,114.970001,0.004416366355653801,-1
2017-04-27,115.43,0.004001035017821827,1
2017-04-28,115.5,0.0006064281382655563,1
2017-05-01,116.68,0.010216450216450276,1
2017-05-02,118.089996,0.012084298937264247,1
2017-05-03,116.57,0.012871505220476137,-1
2017-05-04,115.860001,0.006090752337651165,-1
2017-05-05,116.040001,0.0015535991580045544,1
2017-05-08,116.860001,0.007066528722280804,1
2017-05-09,120.0,0.026869749898427633,1
2017-05-10,119.980003,0.00016664166666669663,-1
2017-05-11,120.160004,0.0015002583388833914,1
2017-05-12,120.339996,0.0014979360353549805,1
2017-05-15,121.400002,0.008808426418761069,1
2017-05-16,124.019997,0.021581507057965313,1
2017-05-17,120.720001,0.026608579905061658,-1
2017-05-18,121.269997,0.004555964176971862,1
2017-05-19,123.220001,0.016079855267086322,1
2017-05-22,124.75,0.012416807235701969,1
2017-05-23,122.93,0.014589178356713372,-1
2017-05-24,122.809998,0.0009761815667454136,-1
2017-05-25,123.629997,0.0066769726679745565,1
2017-05-26,123.989998,0.0029119227431510567,1
2017-05-30,123.910004,0.0006451649430625786,-1
2017-05-31,122.459999,0.011702081778643188,-1
2017-06-01,123.970001,0.012330573349098265,1
2017-06-02,124.129997,0.0012906025547261767,1
2017-06-05,125.370003,0.009989575686528003,1
2017-06-06,124.620003,0.005982292271301932,-1
2017-06-07,125.639999,0.008184849746793909,1
2017-06-08,142.33999599999999,0.1329194295838858,1
2017-06-09,139.440002,0.020373711405752695,-1
2017-06-12,139.080002,0.0025817555567733373,-1
2017-06-13,136.600006,0.01783143488882032,-1
2017-06-14,136.669998,0.0005123865075085352,1
2017-06-15,135.080002,0.01163383349138547,-1
2017-06-16,134.869995,0.0015546860889150615,-1
2017-06-19,139.470001,0.03410696352439257,1
2017-06-20,138.380005,0.007815272045491596,-1
2017-06-21,143.28999299999998,0.0354819180704609,1
2017-06-22,142.270004,0.0071183547339553664,-1
2017-06-23,143.009995,0.005201314255955201,1
2017-06-26,142.729996,0.001957898117540691,-1
2017-06-27,141.529999,0.008407461876478972,-1
2017-06-28,143.949997,0.017098834290248194,1
2017-06-29,140.809998,0.021813123066615897,-1
2017-06-30,140.899994,0.0006391307526329564,1
2017-07-03,140.990005,0.0006388289839104186,1
2017-07-05,144.869995,0.027519610344009793,1
2017-07-06,142.199997,0.01843030366640099,-1
2017-07-07,142.429993,0.0016174121297625615,1
2017-07-10,143.809998,0.009689005601509868,1
2017-07-11,145.809998,0.013907238911163881,1
2017-07-12,149.0,0.02187780017663804,1
2017-07-13,149.520004,0.003489959731543625,1
2017-07-14,151.830002,0.015449424412803035,1
2017-07-17,151.229996,0.003951827649979268,-1
2017-07-18,153.75,0.016663387334877666,1
2017-07-19,153.149994,0.0039024780487805374,-1
2017-07-20,152.110001,0.006790682603617871,-1
2017-07-21,151.889999,0.0014463348797165692,-1
2017-07-24,152.259995,0.0024359470829940204,1
2017-07-25,152.440002,0.001182234374827013,1
2017-07-26,155.78999299999998,0.02197580002655726,1
2017-07-27,154.149994,0.010526985516970844,-1
2017-07-28,157.559998,0.022121337221719353,1
2017-07-31,154.949997,0.016565124607325846,-1
2017-08-01,154.729996,0.0014198193240364913,-1
2017-08-02,151.91000400000001,0.018225244444522476,-1
2017-08-03,153.320007,0.009281831103104893,1
2017-08-04,153.330002,6.519044836727361e-05,1
2017-08-07,158.83999599999999,0.03593552421658468,1
2017-08-08,157.5,0.008436137205644258,-1
2017-08-09,157.490005,6.346031746033987e-05,-1
2017-08-10,151.770004,0.03631977153089808,-1
2017-08-11,151.699997,0.000461270331125536,-1
2017-08-14,154.610001,0.019182623978562206,1
2017-08-15,157.75,0.020309158396551518,1
2017-08-16,159.5,0.011093502377179081,1
2017-08-17,163.919998,0.027711586206896503,1
2017-08-18,167.5,0.021839934380672745,1
2017-08-21,169.25,0.010447761194029851,1
2017-08-22,174.46000700000002,0.03078290694239302,1
2017-08-23,175.800003,0.007680820510341863,1
2017-08-24,175.0,0.004550642698225686,-1
2017-08-25,171.740005,0.01862854285714288,-1
2017-08-28,168.300003,0.020030289390057913,-1
2017-08-29,167.41000400000001,0.00528816984037718,-1
2017-08-30,171.25,0.022937673426015714,1
2017-08-31,171.740005,0.00286134306569341,1
2017-09-01,171.03999299999998,0.0040759984838711,-1
2017-09-05,169.919998,0.006548146900356742,-1
2017-09-06,168.139999,0.010475512128949082,-1
2017-09-07,170.479996,0.01391695619077535,1
2017-09-08,169.0,0.008681346989238548,-1
2017-09-11,174.059998,0.029940816568047382,1
2017-09-12,175.309998,0.007181431772738501,1
2017-09-13,178.970001,0.020877320413864753,1
2017-09-14,177.100006,0.010448650553452189,-1
2017-09-15,176.699997,0.0022586616964880924,-1
2017-09-18,179.979996,0.018562530026528544,1
2017-09-19,180.070007,0.0005001166907460319,1
2017-09-20,177.949997,0.011773254387667168,-1
2017-09-21,177.389999,0.0031469402047812753,-1
2017-09-22,178.139999,0.004227972288336278,1
2017-09-25,169.58999599999999,0.047995975345211515,-1
2017-09-26,167.020004,0.015154148597302786,-1
2017-09-27,170.990005,0.023769613848171122,1
2017-09-28,170.240005,0.004386221288197518,-1
2017-09-29,172.71000700000002,0.014508939893417075,1
2017-10-02,173.610001,0.005211012469011088,1
2017-10-03,178.559998,0.028512165033626122,1
2017-10-04,178.71000700000002,0.0008401041760764993,1
2017-10-05,178.889999,0.0010071735938098315,1
2017-10-06,179.199997,0.0017328973208838095,1
2017-10-09,182.08999599999999,0.016127226832486994,1
2017-10-10,183.119995,0.005656538099984382,1
2017-10-11,184.690002,0.008573651391810076,1
2017-10-12,180.529999,0.022524245789980496,-1
2017-10-13,178.449997,0.011521641896203675,-1
2017-10-16,179.559998,0.006220235464615957,1
2017-10-17,175.320007,0.02361322703957706,-1
2017-10-18,179.610001,0.02446950620986461,1
2017-10-19,177.929993,0.009353643954380998,-1
2017-10-20,177.320007,0.003428235957947754,-1
2017-10-23,173.130005,0.023629606556467102,-1
2017-10-24,173.699997,0.0032922773842696124,1
2017-10-25,170.220001,0.02003451963214484,-1
2017-10-26,170.320007,0.0005875102773616338,1
2017-10-27,176.149994,0.03422960756454166,1
2017-10-30,181.580002,0.03082604703352993,1
2017-10-31,184.889999,0.018228863110156708,1
2017-11-01,186.080002,0.006436275658155089,1
2017-11-02,184.809998,0.006825042918905386,-1
2017-11-03,183.21000700000002,0.008657491571424553,-1
2017-11-06,187.83999599999999,0.025271485307022373,1
2017-11-07,188.509995,0.0035668601696521463,1
2017-11-08,185.899994,0.013845425013140608,-1
2017-11-09,185.130005,0.004141952796405045,-1
2017-11-10,186.41000400000001,0.006914054801651432,1
2017-11-13,184.53999299999998,0.010031709456966877,-1
2017-11-14,181.78999299999998,0.01490191884856092,-1
2017-11-15,181.479996,0.0017052478790731977,-1
2017-11-16,185.429993,0.021765467748853136,1
2017-11-17,185.130005,0.0016177965341345013,-1
2017-11-20,188.0,0.015502592353951423,1
2017-11-21,190.899994,0.01542549999999996,1
2017-11-22,189.83999599999999,0.005552635061895326,-1
2017-11-24,191.190002,0.007111283335678156,1
2017-11-27,188.029999,0.016528076609361557,-1
2017-11-28,186.690002,0.0071265064464527865,-1
2017-11-29,179.91000400000001,0.036316877858301046,-1
2017-11-30,177.080002,0.015730098032792034,-1
2017-12-01,174.610001,0.013948503343703351,-1
2017-12-04,169.580002,0.028807049832157112,-1
2017-12-05,168.96000700000002,0.003656061992498318,-1
2017-12-06,172.630005,0.021721104687217444,1
2017-12-07,174.470001,0.010658610593216312,1
2017-12-08,177.619995,0.018054645394310467,1
2017-12-11,179.28999299999998,0.009402083363418587,1
2017-12-12,174.639999,0.025935602552006307,-1
2017-12-13,176.470001,0.01047871055015299,1
2017-12-14,171.75,0.02674676133763946,-1
2017-12-15,173.550003,0.010480366812227096,1
2017-12-18,173.369995,0.0010372111604055405,-1
2017-12-19,171.279999,0.01205511945708936,-1
2017-12-20,172.639999,0.0079402148992305,1
2017-12-21,175.320007,0.015523679422634933,1
2017-12-22,176.28999299999998,0.005532660057445567,1
2017-12-26,172.330002,0.022462936963188684,-1
2017-12-27,172.970001,0.003713799063264613,1
2017-12-28,172.300003,0.0038734924907585133,-1
2017-12-29,172.429993,0.0007544399172180646,1
2018-01-02,183.649994,0.06506989187200163,1
2018-01-03,184.0,0.001905831807432608,1
2018-01-04,185.71000700000002,0.009293516304347927,1
2018-01-05,190.699997,0.02686979598250716,1
2018-01-08,190.330002,0.0019401940525462554,-1
2018-01-09,190.800003,0.002469400488946542,1
2018-01-10,189.78999299999998,0.005293553375887643,-1
2018-01-11,188.75,0.005479704085346488,-1
2018-01-12,187.78999299999998,0.005086129801324602,-1
2018-01-16,182.399994,0.028702269561296536,-1
2018-01-17,183.830002,0.007839956398244263,1
2018-01-18,184.399994,0.0031006473034797927,1
2018-01-19,184.050003,0.0018979989771582566,-1
2018-01-22,184.020004,0.00016299374904114324,-1
2018-01-23,192.279999,0.04488639724189987,1
2018-01-24,195.529999,0.016902434038394185,1
2018-01-25,198.330002,0.014320068604920331,1
2018-01-26,205.220001,0.03474007427277689,1
2018-01-29,203.009995,0.010768960087861967,-1
2018-01-30,199.66000400000001,0.01650160623864844,-1
2018-01-31,204.28999299999998,0.02318936645919313,1
2018-02-01,192.220001,0.059082639451654324,-1
2018-02-02,187.309998,0.025543663377673113,-1
2018-02-05,180.529999,0.03619667434943864,-1
2018-02-06,185.169998,0.025702093977189845,1
2018-02-07,180.300003,0.026300129894692707,-1
2018-02-08,173.699997,0.03660568990672733,-1
2018-02-09,176.669998,0.017098451648217338,1
2018-02-12,177.440002,0.004358431022340308,1
2018-02-13,179.25,0.010200619812887555,1
2018-02-14,186.759995,0.04189676429567645,1
2018-02-15,187.449997,0.0036945920886322183,1
2018-02-16,183.679993,0.020112051535535636,-1
2018-02-20,187.190002,0.01910937028400255,1
2018-02-21,188.820007,0.008707756731580201,1
2018-02-22,188.75,0.00037076049891261747,-1
2018-02-23,193.28999299999998,0.024052943046357515,1
2018-02-26,194.190002,0.004656262779211811,1
2018-02-27,188.259995,0.030537138570089665,-1
2018-02-28,186.139999,0.01126100104273356,-1
2018-03-01,181.990005,0.02229501462498661,-1
2018-03-02,179.759995,0.01225347512903246,-1
2018-03-05,181.600006,0.010235931526366608,1
2018-03-06,187.369995,0.031773066130845726,1
2018-03-07,189.050003,0.008966259512362238,1
2018-03-08,187.179993,0.009891615817641683,-1
2018-03-09,190.550003,0.01800411436066251,1
2018-03-12,192.740005,0.011493056759490016,1
2018-03-13,188.41000400000001,0.022465502167025374,-1
2018-03-14,192.559998,0.022026399404991213,1
2018-03-15,199.059998,0.03375571285579261,1
2018-03-16,200.279999,0.006128810470499434,1
2018-03-19,194.529999,0.028709806414568634,-1
2018-03-20,198.949997,0.02272142097733724,1
2018-03-21,195.300003,0.018346288288710013,-1
2018-03-22,184.649994,0.05453153526065236,-1
2018-03-23,181.199997,0.018683981110771096,-1
2018-03-26,190.5,0.05132452071729341,1
2018-03-27,181.889999,0.04519685564304468,-1
2018-03-28,178.91000400000001,0.01638350110717178,-1
2018-03-29,183.53999299999998,0.025878871479987034,1
2018-04-02,177.610001,0.03230899109819608,-1
2018-04-03,174.669998,0.01655313880663746,-1
2018-04-04,172.070007,0.014885160758975842,-1
2018-04-05,172.570007,0.0029057940353312125,1
2018-04-06,167.520004,0.02926350347775094,-1
2018-04-09,169.869995,0.014028121680321764,1
2018-04-10,177.100006,0.042562025153412286,1
2018-04-11,175.360001,0.009824985550819216,-1
2018-04-12,175.919998,0.0031934135310593514,1
2018-04-13,172.03999299999998,0.022055508436283698,-1
2018-04-16,174.699997,0.01546154445611966,1
2018-04-17,178.699997,0.022896394211157314,1
2018-04-18,182.679993,0.02227194217580205,1
2018-04-19,181.389999,0.007061495781861603,-1
2018-04-20,179.110001,0.012569590454653334,-1
2018-04-23,175.570007,0.019764356988641894,-1
2018-04-24,173.08999599999999,0.014125482150262823,-1
2018-04-25,170.220001,0.01658094093433331,-1
2018-04-26,173.899994,0.02161903993879072,1
2018-04-27,177.16000400000001,0.01874646413156301,1
2018-04-30,178.53999299999998,0.007789506484770492,1
2018-05-01,179.5,0.005376985760271755,1
2018-05-02,181.449997,0.010863493036211678,1
2018-05-03,182.449997,0.005511160190319541,1
2018-05-04,188.889999,0.03529735327975913,1
2018-05-07,195.350006,0.03419983606437532,1
2018-05-08,196.309998,0.004914215359686243,1
2018-05-09,195.429993,0.004482731439893404,-1
2018-05-10,195.96000700000002,0.002712040213807011,1
2018-05-11,194.360001,0.008164961945525994,-1
2018-05-14,198.639999,0.022020981570173882,1
2018-05-15,196.610001,0.010219482532317059,-1
2018-05-16,198.110001,0.007629316883020615,1
2018-05-17,196.020004,0.010549679417749388,-1
2018-05-18,195.0,0.005203570957992635,-1
2018-05-21,197.639999,0.013538456410256354,1
2018-05-22,195.869995,0.00895569727259511,-1
2018-05-23,196.800003,0.004748088138767835,1
2018-05-24,197.369995,0.0028963007688571274,1
2018-05-25,199.199997,0.00927193619273288,1
2018-05-29,198.0,0.006024081416025303,-1
2018-05-30,197.979996,0.0001010303030303037,-1
2018-05-31,198.009995,0.00015152540966817507,1
2018-06-01,204.33999599999999,0.03196808827756387,1
2018-06-04,208.949997,0.022560443820308244,1
2018-06-05,208.369995,0.002775793291827649,-1
2018-06-06,208.300003,0.0003359024892234842,-1
2018-06-07,203.619995,0.022467632897729795,-1
2018-06-08,205.070007,0.007121167054345598,1
2018-06-11,205.699997,0.0030720728458354823,1
2018-06-12,209.080002,0.016431721192489913,1
2018-06-13,206.619995,0.011765864628220248,-1
2018-06-14,210.86000099999998,0.020520792288277783,1
2018-06-15,208.0,0.013563506527726817,-1
2018-06-18,208.570007,0.002740418269230788,1
2018-06-19,204.429993,0.01984951748119761,-1
2018-06-20,206.229996,0.008804984892798993,1
2018-06-21,202.21000700000002,0.01949274634132263,-1
2018-06-22,202.009995,0.0009891300780184196,-1
2018-06-25,191.25,0.05326466643395542,-1
2018-06-26,191.419998,0.00088887843137251,1
2018-06-27,185.020004,0.03343430188521887,-1
2018-06-28,188.380005,0.018160203909627044,1
2018-06-29,185.529999,0.015129026034371362,-1
2018-07-02,186.360001,0.004473680830451616,1
2018-07-03,184.75,0.008639198279463472,-1
2018-07-05,186.880005,0.011529120433017652,1
2018-07-06,192.270004,0.028842031548532914,1
2018-07-09,192.75,0.00249646845589081,1
2018-07-10,192.550003,0.0010375979247730024,-1
2018-07-11,187.419998,0.026642456089704714,-1
2018-07-12,190.169998,0.014672927272147342,1
2018-07-13,190.03999299999998,0.0006836251846624685,-1
2018-07-16,190.350006,0.0016313039961016328,1
2018-07-17,192.66000400000001,0.012135528905630858,1
2018-07-18,190.78999299999998,0.009706275102122564,-1
2018-07-19,187.33999599999999,0.0180826936767066,-1
2018-07-20,187.25,0.0004803886085274876,-1
2018-07-23,187.03999299999998,0.0011215327102804737,-1
2018-07-24,189.0,0.010479079733498594,1
2018-07-25,197.979996,0.04751320634920635,1
2018-07-26,194.179993,0.01919387350629103,-1
2018-07-27,189.419998,0.024513313274246558,-1
2018-07-30,184.820007,0.0242846111739479,-1
2018-07-31,187.229996,0.013039654305391276,1
2018-08-01,185.270004,0.010468365336075742,-1
2018-08-02,182.600006,0.01441138847279343,-1
2018-08-03,180.83999599999999,0.009638608664667965,-1
2018-08-06,178.619995,0.012276050924044461,-1
2018-08-07,179.919998,0.007278037377618356,1
2018-08-08,177.520004,0.013339228694299966,-1
2018-08-09,177.190002,0.00185895669538182,-1
2018-08-10,180.009995,0.01591507967814127,1
2018-08-13,177.679993,0.012943736818613919,-1
2018-08-14,172.529999,0.028984658953695435,-1
2018-08-15,169.830002,0.015649434971595846,-1
2018-08-16,171.990005,0.012718618468837968,1
2018-08-17,172.779999,0.004593255288294266,1
2018-08-20,176.28999299999998,0.02031481664726701,1
2018-08-21,177.919998,0.009246157267701584,1
2018-08-22,177.850006,0.00039339029219180274,-1
2018-08-23,172.229996,0.03159971779815406,-1
2018-08-24,174.229996,0.011612379065491008,1
2018-08-27,180.649994,0.03684783416972582,1
2018-08-28,178.190002,0.013617448556350352,-1
2018-08-29,178.5,0.0017397047899466735,1
2018-08-30,174.600006,0.0218487058823529,-1
2018-08-31,175.009995,0.002348161431334635,1
2018-09-04,170.440002,0.02611275430297573,-1
2018-09-05,164.229996,0.03643514390477415,-1
2018-09-06,159.869995,0.02654814045054237,-1
2018-09-07,162.369995,0.015637706124904803,1
2018-09-10,156.360001,0.03701419095319907,-1
2018-09-11,157.46000700000002,0.007035085654674609,1
2018-09-12,161.46000700000002,0.025403275893414633,1
2018-09-13,165.529999,0.0252074310884923,1
2018-09-14,164.740005,0.004772512564323807,-1
2018-09-17,158.889999,0.03551053673939131,-1
2018-09-18,156.649994,0.014097835068901955,-1
2018-09-19,162.630005,0.03817434554130924,1
2018-09-20,165.880005,0.019984012175367022,1
2018-09-21,164.630005,0.00753556765325634,-1
2018-09-24,163.16000400000001,0.008929119573312267,-1
2018-09-25,164.25,0.006680534280938023,1
2018-09-26,165.399994,0.007001485540334809,1
2018-09-27,166.320007,0.005562352076022515,1
2018-09-28,164.759995,0.009379581134818016,-1
2018-10-01,162.0,0.016751608908461082,-1
2018-10-02,160.229996,0.010925950617283952,-1
2018-10-03,162.369995,0.013355795128397737,1
2018-10-04,156.130005,0.038430684191374014,-1
2018-10-05,154.630005,0.009607378158990003,-1
2018-10-08,151.139999,0.0225700438928397,-1
2018-10-09,146.940002,0.027788785416096216,-1
2018-10-10,138.28999299999998,0.05886762544075651,-1
2018-10-11,141.899994,0.026104571427666583,1
2018-10-12,147.28999299999998,0.03798449068292412,1
2018-10-15,144.16000400000001,0.021250520393466015,-1
2018-10-16,149.600006,0.037735861883022644,1
2018-10-17,148.139999,0.009759404688794054,-1
2018-10-18,142.020004,0.04131223870198615,-1
2018-10-19,142.929993,0.006407470598296814,1
2018-10-22,148.800003,0.04106912675774082,1
2018-10-23,146.649994,0.01444898492374366,-1
2018-10-24,139.610001,0.048005409396743526,-1
2018-10-25,144.600006,0.035742460885735516,1
2018-10-26,142.869995,0.0119641143030106,-1
2018-10-29,133.380005,0.06642395416896303,-1
2018-10-30,136.330002,0.022117235638130287,1
2018-10-31,142.279999,0.043644076232024084,1
2018-11-01,151.25,0.06304470806188293,1
2018-11-02,147.58999599999999,0.024198373553719107,-1
2018-11-05,144.639999,0.01998778426689568,-1
2018-11-06,147.440002,0.019358427954635177,1
2018-11-07,152.5,0.03431903100489654,1
2018-11-08,148.990005,0.023016360655737728,-1
2018-11-09,144.850006,0.02778709216098079,-1
2018-11-12,142.820007,0.014014490272095698,-1
2018-11-13,146.979996,0.02912749472138029,1
2018-11-14,150.440002,0.02354065923365512,1
2018-11-15,156.220001,0.03842062565247775,1
2018-11-16,154.100006,0.013570573463253202,-1
2018-11-19,149.529999,0.0296561117590093,-1
2018-11-20,145.979996,0.023741075528262417,-1
2018-11-21,149.41000400000001,0.02349642481152017,1
2018-11-23,150.330002,0.006157539491130677,1
2018-11-26,156.009995,0.03778349580544804,1
2018-11-27,156.46000700000002,0.0028845074958179133,1
2018-11-28,159.33999599999999,0.01840718951265269,1
2018-11-29,156.279999,0.019204199051191025,-1
2018-11-30,160.860001,0.029306386161417928,1
2018-12-03,163.740005,0.01790379200606859,1
2018-12-04,158.33999599999999,0.032979167186418565,-1
2018-12-06,155.830002,0.01585192663513758,-1
2018-12-07,153.059998,0.017775806740989452,-1
2018-12-10,151.429993,0.010649451334763582,-1
2018-12-11,151.830002,0.0026415440698066427,1
2018-12-12,151.5,0.0021734966452809997,-1
2018-12-13,151.479996,0.0001320396039603969,-1
2018-12-14,149.0,0.016371772283384534,-1
2018-12-17,143.979996,0.03369130201342282,-1
2018-12-18,140.820007,0.021947416917555657,-1
2018-12-19,137.139999,0.02613270712307247,-1
2018-12-20,135.110001,0.014802377240793023,-1
2018-12-21,132.0,0.023018288631350175,-1
2018-12-24,131.889999,0.0008333409090909934,-1
2018-12-26,138.0,0.046326492124698644,1
2018-12-27,138.449997,0.003260847826086929,1
2018-12-28,139.08999599999999,0.004622600316849331,1
2018-12-31,137.070007,0.014522892070541015,-1
2019-01-02,136.699997,0.002699423514292282,-1
2019-01-03,130.600006,0.044623197760567536,-1
2019-01-04,139.75,0.07006120658218035,1
2019-01-07,143.100006,0.023971420393559983,1
2019-01-08,146.78999299999998,0.025786071595272842,1
2019-01-09,151.919998,0.03494792046212586,1
2019-01-10,151.690002,0.0015139284032902626,-1
2019-01-11,151.320007,0.0024391521861802648,-1
2019-01-14,149.270004,0.013547468313294512,-1
2019-01-15,150.880005,0.010785830755387473,1
2019-01-16,154.83999599999999,0.0262459628099825,1
2019-01-17,155.970001,0.007297888331126096,1
2019-01-18,157.020004,0.006732083049739827,1
2019-01-22,152.149994,0.03101522020086057,-1
2019-01-23,152.029999,0.0007886625352084389,-1
2019-01-24,155.860001,0.025192409558589864,1
2019-01-25,159.21000700000002,0.021493686503954324,1
2019-01-28,158.919998,0.0018215500737967189,-1
2019-01-29,156.880005,0.012836603483974253,-1
2019-01-30,166.820007,0.0633605410708649,1
2019-01-31,168.490005,0.010010777664096325,1
2019-02-01,167.970001,0.003086260220598843,-1
2019-02-04,166.699997,0.0075608977343519825,-1
2019-02-05,171.830002,0.03077387577877408,1
2019-02-06,171.520004,0.0018040970516895374,-1
2019-02-07,166.96000700000002,0.02658580278484591,-1
2019-02-08,167.360001,0.0023957473839827546,1
2019-02-11,167.449997,0.0005377390025229809,1
2019-02-12,168.71000700000002,0.007524694073300118,1
2019-02-13,169.399994,0.004089781111798387,1
2019-02-14,168.380005,0.006021186753997059,-1
2019-02-15,166.149994,0.013243918124364106,-1
2019-02-19,170.179993,0.02425518594963057,1
2019-02-20,170.71000700000002,0.003114431906223093,1
2019-02-21,171.66000400000001,0.00556497546157324,1
2019-02-22,176.919998,0.0306419310114893,1
2019-02-25,183.25,0.035778894820019204,1
2019-02-26,183.53999299999998,0.0015824993178716578,1
2019-02-27,184.580002,0.005666389014191726,1
2019-02-28,183.029999,0.008397459005336904,-1
2019-03-01,183.880005,0.004644080230804173,1
2019-03-04,187.25,0.01832714220341678,1
2019-03-05,185.0,0.012016021361815754,-1
2019-03-06,184.169998,0.004486497297297338,-1
2019-03-07,177.320007,0.037193848479055686,-1
2019-03-08,175.029999,0.01291454945633969,-1
2019-03-11,180.41000400000001,0.030737616584229147,1
2019-03-12,180.630005,0.001219450114307388,1
2019-03-13,180.699997,0.0003874882248936712,1
2019-03-14,180.360001,0.0018815495608446805,-1
2019-03-15,180.970001,0.00338212462085751,1
2019-03-18,181.830002,0.004752174367286493,1
2019-03-19,182.139999,0.0017048726645231044,1
2019-03-20,181.279999,0.004721642718357461,-1
2019-03-21,181.5,0.0012135977560326242,1
2019-03-22,176.259995,0.028870550964187308,-1
2019-03-25,178.770004,0.0142403782548615,1
2019-03-26,178.080002,0.003859719105896494,-1
2019-03-27,177.029999,0.005896243195235385,-1
2019-03-28,177.729996,0.003954115144066606,1
2019-03-29,182.449997,0.026557143454839196,1
2019-04-01,180.889999,0.008550276928752196,-1
2019-04-02,181.740005,0.004699021530759186,1
2019-04-03,178.320007,0.01881808025701327,-1
2019-04-04,181.070007,0.015421713167608837,1
2019-04-05,185.350006,0.0236372609186457,1
2019-04-08,186.5,0.006204445442532073,1
2019-04-09,187.190002,0.0036997426273458053,1
2019-04-10,186.190002,0.005342165656902979,-1
2019-04-11,184.979996,0.006498770003772775,-1
2019-04-12,188.91000400000001,0.021245583765717106,1
2019-04-15,183.070007,0.030914175408095438,-1
2019-04-16,185.779999,0.014803036523617983,1
2019-04-17,187.550003,0.009527419579757885,1
2019-04-18,186.940002,0.003252471288950132,-1
2019-04-22,185.380005,0.008344907367658964,-1
2019-04-23,187.28999299999998,0.01030309606475612,1
2019-04-24,185.669998,0.008649661276884072,-1
2019-04-25,187.880005,0.011902876198663065,1
2019-04-26,187.08999599999999,0.004204859372874863,-1
2019-04-29,186.940002,0.000801721113939157,-1
2019-04-30,185.570007,0.0073285277914995894,-1
2019-05-01,189.309998,0.0201540704797193,1
2019-05-02,190.389999,0.005704933766889488,1
2019-05-03,195.21000700000002,0.025316497848188076,1
2019-05-06,188.240005,0.035705147021484515,-1
2019-05-07,181.429993,0.03617728335695699,-1
2019-05-08,179.58999599999999,0.010141636283919226,-1
2019-05-09,179.03999299999998,0.003062548094271375,-1
2019-05-10,178.0,0.005808718949179033,-1
2019-05-13,170.009995,0.044887668539325826,-1
2019-05-14,174.83999599999999,0.028410100241459225,1
2019-05-15,177.600006,0.015785918915257942,1
2019-05-16,175.570007,0.011430174163395037,-1
2019-05-17,169.570007,0.034174402009336365,-1
2019-05-20,160.649994,0.052603719005566894,-1
2019-05-21,163.429993,0.017304694079229185,1
2019-05-22,158.830002,0.0281465532461963,-1
2019-05-23,156.0,0.017817804976165696,-1
2019-05-24,155.0,0.00641025641025641,-1
2019-05-28,154.809998,0.0012258193548386625,-1
2019-05-29,152.479996,0.015050720432151981,-1
2019-05-30,151.070007,0.009247042477624383,-1
2019-05-31,149.259995,0.011981279646065022,-1
2019-06-03,149.91000400000001,0.004354877541031751,1
2019-06-04,154.149994,0.028283569387403774,1
2019-06-05,151.649994,0.01621797014147143,-1
2019-06-06,151.5,0.000989080157827058,-1
2019-06-07,154.229996,0.018019775577557753,1
2019-06-10,159.850006,0.036439150267500546,1
2019-06-11,162.649994,0.017516345917434527,1
2019-06-12,160.03999299999998,0.016046732839104877,-1
2019-06-13,160.330002,0.0018121033034538198,1
2019-06-14,158.100006,0.013908787950991229,-1
2019-06-17,159.91000400000001,0.011448437263183958,1
2019-06-18,165.509995,0.03501964142280922,1
2019-06-19,165.46000700000002,0.0003020240560093354,-1
2019-06-20,168.25,0.016862038450173526,1
2019-06-21,167.550003,0.004160457652303098,-1
2019-06-24,168.100006,0.003282620054623358,1
2019-06-25,165.800003,0.013682349303425984,-1
2019-06-26,168.990005,0.019240059965499472,1
2019-06-27,170.899994,0.011302378504574847,1
2019-06-28,169.449997,0.008484476599806062,-1
2019-07-01,175.050003,0.03304813277748248,1
2019-07-02,175.449997,0.002285027095943508,1
2019-07-03,174.669998,0.0044457054051702475,-1
2019-07-05,173.300003,0.007843333232304663,-1
2019-07-08,168.449997,0.027986185320493084,-1
2019-07-09,168.800003,0.002077803539527564,1
2019-07-10,166.929993,0.011078258096950434,-1
2019-07-11,166.550003,0.0022763434729191675,-1
2019-07-12,169.070007,0.01513061515825971,1
2019-07-15,173.5,0.026202122296002484,1
2019-07-16,174.190002,0.0039769567723342515,1
2019-07-17,174.820007,0.0036167690037687194,1
2019-07-18,172.800003,0.011554764438374608,-1
2019-07-19,172.990005,0.0010995485920216835,1
2019-07-22,174.0,0.005838458701703624,1
2019-07-23,178.08999599999999,0.02350572413793095,1
2019-07-24,178.669998,0.0032567915830601034,1
2019-07-25,177.28999299999998,0.0077237645684644345,-1
2019-07-26,178.740005,0.008178758290097147,1
2019-07-29,177.020004,0.009622921292857725,-1
2019-07-30,174.100006,0.016495299593372467,-1
2019-07-31,173.110001,0.005686415656987378,-1
2019-08-01,165.649994,0.04309402667035984,-1
2019-08-02,161.0,0.028071199326454504,-1
2019-08-05,153.669998,0.0455279627329193,-1
2019-08-06,157.429993,0.024467983659373794,1
2019-08-07,159.169998,0.011052563535335966,1
2019-08-08,162.220001,0.01916192145708266,1
2019-08-09,159.119995,0.01910988768888004,-1
2019-08-12,159.309998,0.001194086261754964,1
2019-08-13,164.029999,0.02962777640609848,1
2019-08-14,162.059998,0.012010004340730358,-1
2019-08-15,166.970001,0.03029743959394587,1
2019-08-16,174.600006,0.04569686143800174,1
2019-08-19,178.279999,0.021076706034019243,1
2019-08-20,177.21000700000002,0.006001750089756198,-1
2019-08-21,175.240005,0.011116764980433763,-1
2019-08-22,171.91000400000001,0.0190025160065476,-1
2019-08-23,164.53999299999998,0.042871332839943585,-1
2019-08-26,165.899994,0.008265473792745398,1
2019-08-27,166.199997,0.0018083364125980848,1
2019-08-28,167.479996,0.007701558502434893,1
2019-08-29,172.809998,0.0318247081878364,1
2019-08-30,175.029999,0.012846484727116287,1
2019-09-03,172.41000400000001,0.01496883399970761,-1
2019-09-04,174.330002,0.0111362331387684,1
2019-09-05,178.940002,0.026444099966223742,1
2019-09-06,176.690002,0.012574047026108785,-1
2019-09-09,177.779999,0.006168979498907986,1
2019-09-10,174.990005,0.015693520169273976,-1
2019-09-11,176.08999599999999,0.006286021878792384,1
2019-09-12,178.240005,0.012209716899533643,1
2019-09-13,179.169998,0.005217644602287776,1
2019-09-16,177.070007,0.011720662072005988,-1
2019-09-17,179.0,0.01089960424522938,1
2019-09-18,180.0,0.00558659217877095,1
2019-09-19,180.46000700000002,0.0025555944444445484,1
2019-09-20,182.509995,0.01135979120293387,1
2019-09-23,176.979996,0.030299704955884764,-1
2019-09-24,171.550003,0.03068139407122597,-1
2019-09-25,176.66000400000001,0.029787239350849856,1
2019-09-26,175.0,0.009396603432659351,-1
2019-09-27,165.979996,0.05154288,-1
2019-09-30,167.229996,0.007531028016171298,1
2019-10-01,165.149994,0.012437971953309186,-1
2019-10-02,165.770004,0.0037542235696357805,1
2019-10-03,169.479996,0.022380357787769613,1
2019-10-04,170.33999599999999,0.005074345175226374,1
2019-10-07,168.320007,0.011858571371576065,-1
2019-10-08,161.929993,0.03796348463792547,-1
2019-10-09,165.190002,0.020132212319678152,1
2019-10-10,166.070007,0.005327229186667189,1
2019-10-11,172.940002,0.04136806593860135,1
2019-10-14,171.16000400000001,0.010292575340666283,-1
2019-10-15,175.28999299999998,0.02412940467096487,1
2019-10-16,177.119995,0.010439854373204337,1
2019-10-17,176.850006,0.0015243281821455629,-1
2019-10-18,169.130005,0.04365281729195981,-1
2019-10-21,173.520004,0.025956358246426992,1
2019-10-22,169.889999,0.02091980703273849,-1
2019-10-23,169.919998,0.00017657896389771397,1
2019-10-24,172.550003,0.015477901547527156,1
2019-10-25,174.309998,0.010199912891337379,1
2019-10-28,178.679993,0.02507024869565995,1
2019-10-29,176.889999,0.0100178759241389,-1
2019-10-30,177.529999,0.0036180677461590963,1
2019-10-31,176.669998,0.004844257335910936,-1
2019-11-01,176.46000700000002,0.0011886058888163561,-1
2019-11-04,179.690002,0.0183044025380775,1
2019-11-05,182.0,0.0128554620417891,1
2019-11-06,184.16000400000001,0.011868153846153928,1
2019-11-07,186.66000400000001,0.013575151746847267,1
2019-11-08,187.16000400000001,0.0026786670378513436,1
2019-11-11,186.71000700000002,0.0024043438255109046,-1
2019-11-12,186.970001,0.0013925016884605312,1
2019-11-13,182.479996,0.024014574402232564,-1
2019-11-14,182.800003,0.0017536552335303862,1
2019-11-15,185.490005,0.014715546804449411,1
2019-11-18,184.610001,0.004744212498134255,-1
2019-11-19,185.25,0.0034667623451233765,1
2019-11-20,182.350006,0.015654488529014805,-1
2019-11-21,184.860001,0.013764710268230007,1
2019-11-22,186.779999,0.010386227359157011,1
2019-11-25,190.449997,0.01964877406386533,1
2019-11-26,194.699997,0.022315568742172255,1
2019-11-27,200.820007,0.031433025651253645,1
2019-11-29,200.0,0.004083293354331991,-1
2019-12-02,196.309998,0.018450009999999965,-1
2019-12-03,194.899994,0.0071825378960067784,-1
2019-12-04,193.740005,0.005951713882556589,-1
2019-12-05,200.0,0.032311318460015545,1
2019-12-06,201.889999,0.009449994999999944,1
2019-12-09,198.740005,0.015602526205371831,-1
2019-12-10,200.449997,0.008604166030890458,1
2019-12-11,204.639999,0.02090297861166839,1
2019-12-12,204.5,0.0006841233418887424,-1
2019-12-13,204.91000400000001,0.0020049095354523956,1
2019-12-16,206.970001,0.010053179248388387,1
2019-12-17,208.179993,0.005846219230583082,1
2019-12-18,210.0,0.008742468350452889,1
2019-12-19,210.13000499999998,0.0006190714285713468,1
2019-12-20,212.25,0.010088968493576237,1
2019-12-23,214.830002,0.012155486454652567,1
2019-12-24,214.25999500000003,0.002653293276978955,-1
2019-12-26,216.38000499999998,0.00989456757898249,1
2019-12-27,215.47000099999997,0.0042055826738705135,-1
2019-12-30,212.91000400000001,0.011880990337954069,-1
2019-12-31,212.100006,0.003804414939562949,-1
2020-01-02,219.770004,0.036162177194846434,1
2020-01-03,217.0,0.012604104061444164,-1
2020-01-06,216.63999900000002,0.0016589907834100586,-1
2020-01-07,217.63000499999998,0.004569820922127891,1
2020-01-08,218.0,0.0017001102398541837,1
2020-01-09,221.77999900000003,0.017339444954128588,1
2020-01-10,223.830002,0.009243407923362715,1
2020-01-13,230.479996,0.02971002073260935,1
2020-01-14,226.49000499999997,0.01731165857882101,-1
2020-01-15,225.059998,0.006313775303241134,-1
2020-01-16,223.940002,0.0049764329954362415,-1
2020-01-17,227.42999300000002,0.015584491242435695,1
2020-01-21,222.25999500000003,0.022732261175420217,-1
2020-01-22,222.36999500000002,0.0004949158754367164,1
2020-01-23,219.13000499999998,0.01457026610087406,-1
2020-01-24,213.75,0.024551658272448738,-1
2020-01-27,205.470001,0.0387368374269006,-1
2020-01-28,210.229996,0.023166374540485857,1
2020-01-29,212.020004,0.008514522351986346,1
2020-01-30,208.580002,0.01622489357183482,-1
2020-01-31,206.58999599999999,0.009540732481151393,-1
2020-02-03,213.100006,0.031511738835601814,1
2020-02-04,222.88000499999998,0.045893940519175655,1
2020-02-05,220.22000099999997,0.011934691045973438,-1
2020-02-06,220.899994,0.003087789469222755,1
2020-02-07,216.52999900000003,0.01978268500994147,-1
2020-02-10,215.770004,0.003509883173278137,-1
2020-02-11,217.210007,0.006673786779000061,1
2020-02-12,224.309998,0.03268721868785731,1
2020-02-13,220.36000099999998,0.017609544983367278,-1
2020-02-14,219.63000499999998,0.003312742769501076,-1
2020-02-18,220.520004,0.004052265080993908,1
2020-02-19,222.13999900000002,0.007346249640010061,1
2020-02-20,218.039993,0.01845685611982022,-1
2020-02-21,212.58999599999999,0.024995400729076453,-1
2020-02-24,206.16000400000001,0.030245976391099657,-1
2020-02-25,205.610001,0.002667845311062391,-1
2020-02-26,208.740005,0.015223014370784353,1
2020-02-27,205.029999,0.017773334823863746,-1
2020-02-28,208.0,0.01448568996969071,1
2020-03-02,210.979996,0.014326903846153845,1
2020-03-03,207.41000400000001,0.0169209975717318,-1
2020-03-04,211.960007,0.021937239825712433,1
2020-03-05,211.460007,0.0023589355703314352,-1
2020-03-06,204.639999,0.032251999310678174,-1
2020-03-09,197.66000400000001,0.03410865438872473,-1
2020-03-10,206.389999,0.044166724796787786,1
2020-03-11,198.91000400000001,0.03624204194118909,-1
2020-03-12,185.100006,0.0694283732456212,-1
2020-03-13,194.0,0.048082083800688756,1
2020-03-16,178.850006,0.07809275257731955,-1
2020-03-17,184.809998,0.03332396868915956,1
2020-03-18,180.0,0.026026719615028657,-1
2020-03-19,180.880005,0.004888916666666729,1
2020-03-20,181.300003,0.002321970302908785,1
2020-03-23,176.33999599999999,0.02735800837245446,-1
2020-03-24,185.75,0.05336284571538731,1
2020-03-25,188.559998,0.015127849259757778,1
2020-03-26,195.320007,0.03585070572603632,1
2020-03-27,188.58999599999999,0.03445633196193782,-1
2020-03-30,191.270004,0.014210764392826094,1
2020-03-31,194.479996,0.01678251651001168,1
2020-04-01,187.559998,0.035582055441835736,-1
2020-04-02,188.899994,0.007144359214591083,1
2020-04-03,187.110001,0.009475876425914452,-1
2020-04-06,196.449997,0.04991713938369326,1
2020-04-07,198.0,0.007890063749911911,1
2020-04-08,195.979996,0.010202040404040404,-1
2020-04-09,196.369995,0.0019899939175424255,1
2020-04-13,199.440002,0.015633788654931747,1
2020-04-14,204.779999,0.026774954605144917,1
2020-04-15,208.169998,0.01655434620839113,1
2020-04-16,212.66000400000001,0.021568939055281264,1
2020-04-17,209.5,0.01485941851106151,-1
2020-04-20,212.13000499999998,0.012553723150357913,1
2020-04-21,207.33999599999999,0.02258053498843786,-1
2020-04-22,209.960007,0.012636302935011175,1
2020-04-23,205.240005,0.02248048124707861,-1
2020-04-24,204.360001,0.004287682608466051,-1
2020-04-27,203.690002,0.003278523178320098,-1
2020-04-28,201.149994,0.012469968948205913,-1
2020-04-29,206.699997,0.027591365476252534,1
2020-04-30,202.669998,0.019496850790955762,-1
2020-05-01,194.479996,0.04041052983086324,-1
2020-05-04,191.149994,0.01712259393505956,-1
2020-05-05,195.020004,0.02024593314923153,1
2020-05-06,195.169998,0.0007691211000077326,1
2020-05-07,196.490005,0.006763370464347722,1
2020-05-08,201.190002,0.023919776479215806,1
2020-05-11,205.399994,0.02092545334335252,1
2020-05-12,200.309998,0.02478089653692972,-1
2020-05-13,199.46000700000002,0.004243377806833129,-1
2020-05-14,201.300003,0.009224886871682427,1
2020-05-15,203.679993,0.011823099674767478,1
2020-05-18,215.27999900000003,0.0569521131120622,1
2020-05-19,217.19999700000002,0.008918608365471018,1
2020-05-20,216.789993,0.0018876795840840406,-1
2020-05-21,212.16000400000001,0.021357023615015267,-1
2020-05-22,199.699997,0.058729292821845996,-1
2020-05-26,201.720001,0.010115192941139604,1
2020-05-27,201.179993,0.002677017634954306,-1
2020-05-28,199.490005,0.00840037806343894,-1
2020-05-29,207.389999,0.03960095143613833,1
2020-06-01,206.570007,0.0039538647184235,-1
2020-06-02,214.330002,0.03756593279294415,1
2020-06-03,218.61000099999998,0.01996920151197486,1
2020-06-04,218.039993,0.00260741959376311,-1
2020-06-05,219.55000299999998,0.006925380886431993,1
2020-06-08,219.0,0.0025051377475953642,-1
2020-06-09,220.72000099999997,0.007853885844748712,1
2020-06-10,223.67999300000002,0.013410619729020648,1
2020-06-11,215.24000499999997,0.0377324224969913,-1
2020-06-12,217.63999900000002,0.011150315667387434,1
2020-06-15,217.02999900000003,0.0028027936169949404,-1
2020-06-16,222.61999500000002,0.025756789502634537,1
2020-06-17,224.25,0.007321916434325599,1
2020-06-18,223.539993,0.0031661404682273814,-1
2020-06-19,220.63999900000002,0.012973043262106536,-1
2020-06-22,221.41000400000001,0.0034898703929018672,1
2020-06-23,228.75,0.033151148852334535,1
2020-06-24,226.22000099999997,0.011060104918032927,-1
2020-06-25,222.16000400000001,0.017947117770545647,-1
2020-06-26,215.710007,0.029033115249673943,-1
2020-06-29,215.020004,0.0031987528515540317,-1
2020-06-30,215.69999700000002,0.003162463898010273,1
2020-07-01,215.94999700000002,0.0011590171695737203,1
2020-07-02,223.600006,0.03542490903577082,1
2020-07-06,240.0,0.07334523059002061,1
2020-07-07,236.50999500000003,0.014541687499999867,-1
2020-07-08,257.679993,0.08950995073168046,1
2020-07-09,261.579987,0.015135028352783261,1
2020-07-10,261.01001,0.0021789778588833493,-1
2020-07-13,251.669998,0.035784114180142094,-1
2020-07-14,248.580002,0.012277967276814558,-1
2020-07-15,249.210007,0.002534415459534765,1
2020-07-16,242.5,0.026925110595578894,-1
2020-07-17,247.13999900000002,0.019134016494845432,1
2020-07-20,254.809998,0.03103503694681163,1
2020-07-21,257.899994,0.012126667023481492,1
2020-07-22,251.69999700000002,0.024040314634516696,-1
2020-07-23,251.88000499999998,0.0007151688603316041,1
2020-07-24,249.0,0.01143403582193824,-1
2020-07-27,250.86000099999998,0.0074698835341364764,1
2020-07-28,249.05000299999998,0.007215171780215402,-1
2020-07-29,252.44999700000002,0.013651852877110985,1
2020-07-30,252.74000499999997,0.001148774028307647,1
2020-07-31,251.020004,0.006805416499061825,-1
2020-08-03,257.940002,0.027567516093259217,1
2020-08-04,262.200012,0.016515507354303356,1
2020-08-05,264.910004,0.010335590678767778,1
2020-08-06,265.679993,0.0029066059732497287,1
2020-08-07,252.100006,0.05111407466801618,-1
2020-08-10,248.13000499999998,0.0157477227509468,-1
2020-08-11,248.419998,0.0011687139570243016,1
2020-08-12,255.190002,0.027252250440803885,1
2020-08-13,253.72000099999997,0.005760417682821386,-1
2020-08-14,253.97000099999997,0.0009853381641757128,1
2020-08-17,256.959991,0.011773004639237037,1
2020-08-18,259.200012,0.008717392117281062,1
2020-08-19,260.589996,0.005362592344324312,1
2020-08-20,257.97000099999997,0.010054088952823873,-1
2020-08-21,265.799988,0.03035231604313564,1
2020-08-24,276.019989,0.03844996787584515,1
2020-08-25,286.0,0.03615684152498097,1
2020-08-26,291.959991,0.02083912937062938,1
2020-08-27,284.170013,0.026681662693981995,-1
2020-08-28,289.0,0.016996821547106793,1
2020-08-31,287.02999900000003,0.006816612456747294,-1
2020-09-01,298.0,0.038219005115210855,1
2020-09-02,296.179993,0.006107406040268374,-1
